-- MySQL dump 10.15  Distrib 10.0.30-MariaDB, for debian-linux-gnu (x86_64)
--
-- Host: localhost    Database: dbproyecto
-- ------------------------------------------------------
-- Server version	10.0.30-MariaDB-0+deb8u1

/*!40101 SET @OLD_CHARACTER_SET_CLIENT=@@CHARACTER_SET_CLIENT */;
/*!40101 SET @OLD_CHARACTER_SET_RESULTS=@@CHARACTER_SET_RESULTS */;
/*!40101 SET @OLD_COLLATION_CONNECTION=@@COLLATION_CONNECTION */;
/*!40101 SET NAMES utf8 */;
/*!40103 SET @OLD_TIME_ZONE=@@TIME_ZONE */;
/*!40103 SET TIME_ZONE='+00:00' */;
/*!40014 SET @OLD_UNIQUE_CHECKS=@@UNIQUE_CHECKS, UNIQUE_CHECKS=0 */;
/*!40014 SET @OLD_FOREIGN_KEY_CHECKS=@@FOREIGN_KEY_CHECKS, FOREIGN_KEY_CHECKS=0 */;
/*!40101 SET @OLD_SQL_MODE=@@SQL_MODE, SQL_MODE='NO_AUTO_VALUE_ON_ZERO' */;
/*!40111 SET @OLD_SQL_NOTES=@@SQL_NOTES, SQL_NOTES=0 */;

--
-- Table structure for table `categoria`
--

DROP TABLE IF EXISTS `categoria`;
/*!40101 SET @saved_cs_client     = @@character_set_client */;
/*!40101 SET character_set_client = utf8 */;
CREATE TABLE `categoria` (
  `id_categoria` int(11) NOT NULL AUTO_INCREMENT,
  `categoria` varchar(100) NOT NULL,
  `estado` enum('0','1') NOT NULL,
  PRIMARY KEY (`id_categoria`)
) ENGINE=InnoDB AUTO_INCREMENT=10 DEFAULT CHARSET=latin1;
/*!40101 SET character_set_client = @saved_cs_client */;

--
-- Dumping data for table `categoria`
--

LOCK TABLES `categoria` WRITE;
/*!40000 ALTER TABLE `categoria` DISABLE KEYS */;
INSERT INTO `categoria` VALUES (9,'Aros','1');
/*!40000 ALTER TABLE `categoria` ENABLE KEYS */;
UNLOCK TABLES;

--
-- Table structure for table `clientes`
--

DROP TABLE IF EXISTS `clientes`;
/*!40101 SET @saved_cs_client     = @@character_set_client */;
/*!40101 SET character_set_client = utf8 */;
CREATE TABLE `clientes` (
  `id_cliente` int(11) NOT NULL AUTO_INCREMENT,
  `cedula_cliente` varchar(100) NOT NULL,
  `nombre_cliente` varchar(100) NOT NULL,
  `apellido_cliente` varchar(100) NOT NULL,
  `telefono_cliente` varchar(100) NOT NULL,
  `correo_cliente` varchar(100) NOT NULL,
  `direccion_cliente` varchar(100) NOT NULL,
  `fecha_ingreso` date NOT NULL,
  `estado` enum('0','1') NOT NULL,
  `id_usuario` int(11) NOT NULL,
  PRIMARY KEY (`id_cliente`),
  KEY `fk_clientes_usuario_idx` (`id_usuario`),
  CONSTRAINT `fk_clientes_usuario` FOREIGN KEY (`id_usuario`) REFERENCES `usuarios` (`id_usuario`) ON DELETE NO ACTION ON UPDATE NO ACTION
) ENGINE=InnoDB AUTO_INCREMENT=7 DEFAULT CHARSET=latin1;
/*!40101 SET character_set_client = @saved_cs_client */;

--
-- Dumping data for table `clientes`
--

LOCK TABLES `clientes` WRITE;
/*!40000 ALTER TABLE `clientes` DISABLE KEYS */;
INSERT INTO `clientes` VALUES (5,'159966666','Jorge','Rodriguez','459966666','jorge@gmail.com','california','2018-02-05','1',1),(6,'45','karla','rodriguez','789','karla@gmail.com','chicago','2018-02-13','1',1);
/*!40000 ALTER TABLE `clientes` ENABLE KEYS */;
UNLOCK TABLES;

--
-- Table structure for table `compras`
--

DROP TABLE IF EXISTS `compras`;
/*!40101 SET @saved_cs_client     = @@character_set_client */;
/*!40101 SET character_set_client = utf8 */;
CREATE TABLE `compras` (
  `id_compras` int(11) NOT NULL AUTO_INCREMENT,
  `fecha_compra` date NOT NULL,
  `numero_compra` varchar(100) NOT NULL,
  `comprador` varchar(100) NOT NULL,
  `id_usuario` int(11) NOT NULL,
  PRIMARY KEY (`id_compras`),
  KEY `fk_compras_usuario_idx` (`id_usuario`),
  CONSTRAINT `fk_compras_usuario` FOREIGN KEY (`id_usuario`) REFERENCES `usuarios` (`id_usuario`) ON DELETE NO ACTION ON UPDATE NO ACTION
) ENGINE=InnoDB AUTO_INCREMENT=7 DEFAULT CHARSET=latin1;
/*!40101 SET character_set_client = @saved_cs_client */;

--
-- Dumping data for table `compras`
--

LOCK TABLES `compras` WRITE;
/*!40000 ALTER TABLE `compras` DISABLE KEYS */;
INSERT INTO `compras` VALUES (1,'2018-01-31','F000001','eyter',1),(2,'2018-02-06','F000002','eyter',1),(3,'2018-02-07','F000003','eyter',1),(4,'2018-02-07','F000004','eyter',1),(5,'2018-09-04','F000005','eyter',1),(6,'2018-09-05','F000006','eyter',1);
/*!40000 ALTER TABLE `compras` ENABLE KEYS */;
UNLOCK TABLES;

--
-- Table structure for table `detalle_compras`
--

DROP TABLE IF EXISTS `detalle_compras`;
/*!40101 SET @saved_cs_client     = @@character_set_client */;
/*!40101 SET character_set_client = utf8 */;
CREATE TABLE `detalle_compras` (
  `id_detalle_compras` int(11) NOT NULL AUTO_INCREMENT,
  `numero_compra` varchar(100) NOT NULL,
  `id_producto` int(11) NOT NULL,
  `modelo` varchar(100) NOT NULL,
  `cantidad_compra` varchar(100) NOT NULL,
  `fecha_compra` timestamp NOT NULL DEFAULT CURRENT_TIMESTAMP ON UPDATE CURRENT_TIMESTAMP,
  `id_usuario` int(11) NOT NULL,
  PRIMARY KEY (`id_detalle_compras`),
  KEY `fk_detalle_compras_producto_idx` (`id_producto`),
  KEY `fk_detalle_compras_usuario_idx` (`id_usuario`),
  CONSTRAINT `fk_detalle_compras_producto` FOREIGN KEY (`id_producto`) REFERENCES `producto` (`id_producto`) ON DELETE NO ACTION ON UPDATE NO ACTION,
  CONSTRAINT `fk_detalle_compras_usuario` FOREIGN KEY (`id_usuario`) REFERENCES `usuarios` (`id_usuario`) ON DELETE NO ACTION ON UPDATE NO ACTION
) ENGINE=InnoDB AUTO_INCREMENT=39 DEFAULT CHARSET=latin1;
/*!40101 SET character_set_client = @saved_cs_client */;

--
-- Dumping data for table `detalle_compras`
--

LOCK TABLES `detalle_compras` WRITE;
/*!40000 ALTER TABLE `detalle_compras` DISABLE KEYS */;
INSERT INTO `detalle_compras` VALUES (37,'I000001',27,'RB7864','3','2019-04-01 02:53:08',4),(38,'I00000002',26,'GG12','1','2019-04-01 03:14:27',5);
/*!40000 ALTER TABLE `detalle_compras` ENABLE KEYS */;
UNLOCK TABLES;

--
-- Table structure for table `detalle_ventas`
--

DROP TABLE IF EXISTS `detalle_ventas`;
/*!40101 SET @saved_cs_client     = @@character_set_client */;
/*!40101 SET character_set_client = utf8 */;
CREATE TABLE `detalle_ventas` (
  `id_detalle_ventas` int(11) NOT NULL AUTO_INCREMENT,
  `numero_venta` varchar(100) NOT NULL,
  `cedula_cliente` varchar(100) NOT NULL,
  `id_producto` int(11) NOT NULL,
  `producto` varchar(100) NOT NULL,
  `moneda` varchar(100) NOT NULL,
  `precio_venta` varchar(100) NOT NULL,
  `cantidad_venta` varchar(100) NOT NULL,
  `descuento` varchar(100) NOT NULL,
  `importe` varchar(100) NOT NULL,
  `fecha_venta` date NOT NULL,
  `id_usuario` int(11) NOT NULL,
  `id_cliente` int(11) NOT NULL,
  `estado` enum('0','1') NOT NULL,
  PRIMARY KEY (`id_detalle_ventas`),
  KEY `fk_detalle_ventas_producto_idx` (`id_producto`),
  KEY `fk_detalle_ventas_usuario_idx` (`id_usuario`),
  KEY `fk_detalle_ventas_clientes_idx` (`id_cliente`),
  CONSTRAINT `fk_detalle_ventas_clientes` FOREIGN KEY (`id_cliente`) REFERENCES `clientes` (`id_cliente`) ON DELETE NO ACTION ON UPDATE NO ACTION,
  CONSTRAINT `fk_detalle_ventas_producto` FOREIGN KEY (`id_producto`) REFERENCES `producto` (`id_producto`) ON DELETE NO ACTION ON UPDATE NO ACTION,
  CONSTRAINT `fk_detalle_ventas_usuario` FOREIGN KEY (`id_usuario`) REFERENCES `usuarios` (`id_usuario`) ON DELETE NO ACTION ON UPDATE NO ACTION
) ENGINE=InnoDB AUTO_INCREMENT=7 DEFAULT CHARSET=latin1;
/*!40101 SET character_set_client = @saved_cs_client */;

--
-- Dumping data for table `detalle_ventas`
--

LOCK TABLES `detalle_ventas` WRITE;
/*!40000 ALTER TABLE `detalle_ventas` DISABLE KEYS */;
INSERT INTO `detalle_ventas` VALUES (2,'F000001','159966666',9,'jabon casa','USD$','200','1','0','200','2018-02-07',1,5,'1'),(3,'F000002','159966666',4,'jabon ACE','USD$','200','1','0','200','2018-02-07',1,5,'1'),(4,'F000002','159966666',9,'jabon casa','USD$','200','1','0','200','2018-02-07',1,5,'1'),(5,'F000002','159966666',7,'harina pan','USD$','90','1','0','90','2018-02-07',1,5,'1'),(6,'F000003','159966666',11,'Computadora de escritorio','USD$','525','1','0','525','2018-09-15',1,5,'1');
/*!40000 ALTER TABLE `detalle_ventas` ENABLE KEYS */;
UNLOCK TABLES;

--
-- Table structure for table `empresa`
--

DROP TABLE IF EXISTS `empresa`;
/*!40101 SET @saved_cs_client     = @@character_set_client */;
/*!40101 SET character_set_client = utf8 */;
CREATE TABLE `empresa` (
  `id_empresa` int(11) NOT NULL AUTO_INCREMENT,
  `cedula_empresa` varchar(100) NOT NULL,
  `nombre_empresa` varchar(100) NOT NULL,
  `direccion_empresa` varchar(100) NOT NULL,
  `correo_empresa` varchar(100) NOT NULL,
  `telefono_empresa` varchar(100) NOT NULL,
  `id_usuario` int(11) NOT NULL,
  PRIMARY KEY (`id_empresa`),
  KEY `fk_empresa_usuario_idx` (`id_usuario`),
  CONSTRAINT `fk_empresa_usuario` FOREIGN KEY (`id_usuario`) REFERENCES `usuarios` (`id_usuario`) ON DELETE NO ACTION ON UPDATE NO ACTION
) ENGINE=InnoDB AUTO_INCREMENT=2 DEFAULT CHARSET=latin1;
/*!40101 SET character_set_client = @saved_cs_client */;

--
-- Dumping data for table `empresa`
--

LOCK TABLES `empresa` WRITE;
/*!40000 ALTER TABLE `empresa` DISABLE KEYS */;
INSERT INTO `empresa` VALUES (1,'1223459988','Oscar','San Salvador','oscargonzalez@gmail.com','12899665588',1);
/*!40000 ALTER TABLE `empresa` ENABLE KEYS */;
UNLOCK TABLES;

--
-- Table structure for table `permisos`
--

DROP TABLE IF EXISTS `permisos`;
/*!40101 SET @saved_cs_client     = @@character_set_client */;
/*!40101 SET character_set_client = utf8 */;
CREATE TABLE `permisos` (
  `id_permiso` int(11) NOT NULL AUTO_INCREMENT,
  `nombre` varchar(100) NOT NULL,
  PRIMARY KEY (`id_permiso`)
) ENGINE=InnoDB AUTO_INCREMENT=11 DEFAULT CHARSET=latin1;
/*!40101 SET character_set_client = @saved_cs_client */;

--
-- Dumping data for table `permisos`
--

LOCK TABLES `permisos` WRITE;
/*!40000 ALTER TABLE `permisos` DISABLE KEYS */;
INSERT INTO `permisos` VALUES (1,'Categoria'),(2,'Productos'),(3,'Proveedores'),(4,'Ingresos'),(5,'Pacientes'),(6,'Ventas'),(7,'Reporte de Compras'),(8,'Reporte de Ventas'),(9,'Usuarios'),(10,'Empresa');
/*!40000 ALTER TABLE `permisos` ENABLE KEYS */;
UNLOCK TABLES;

--
-- Table structure for table `producto`
--

DROP TABLE IF EXISTS `producto`;
/*!40101 SET @saved_cs_client     = @@character_set_client */;
/*!40101 SET character_set_client = utf8 */;
CREATE TABLE `producto` (
  `id_producto` int(11) NOT NULL AUTO_INCREMENT,
  `modelo` varchar(100) NOT NULL,
  `marca` varchar(45) NOT NULL,
  `color` varchar(45) NOT NULL,
  `precio_venta` varchar(45) NOT NULL,
  `stock` varchar(45) NOT NULL,
  `id_usuario` int(11) NOT NULL,
  `medidas` varchar(45) NOT NULL,
  PRIMARY KEY (`id_producto`),
  KEY `fk_producto_usuario_idx` (`id_usuario`),
  CONSTRAINT `fk_producto_usuario` FOREIGN KEY (`id_usuario`) REFERENCES `usuarios` (`id_usuario`) ON DELETE NO ACTION ON UPDATE NO ACTION
) ENGINE=InnoDB AUTO_INCREMENT=28 DEFAULT CHARSET=latin1;
/*!40101 SET character_set_client = @saved_cs_client */;

--
-- Dumping data for table `producto`
--

LOCK TABLES `producto` WRITE;
/*!40000 ALTER TABLE `producto` DISABLE KEYS */;
INSERT INTO `producto` VALUES (26,'GG12','GUCCI','C1','200','13',5,'54-17-145'),(27,'RB7864','RAY BAN','C7','180','15',5,'5217140');
/*!40000 ALTER TABLE `producto` ENABLE KEYS */;
UNLOCK TABLES;

--
-- Table structure for table `proveedor`
--

DROP TABLE IF EXISTS `proveedor`;
/*!40101 SET @saved_cs_client     = @@character_set_client */;
/*!40101 SET character_set_client = utf8 */;
CREATE TABLE `proveedor` (
  `id_proveedor` int(11) NOT NULL AUTO_INCREMENT,
  `cedula` varchar(45) NOT NULL,
  `razon_social` varchar(100) NOT NULL,
  `telefono` varchar(100) NOT NULL,
  `correo` varchar(45) NOT NULL,
  `direccion` varchar(150) NOT NULL,
  `fecha` date NOT NULL,
  `estado` enum('0','1') NOT NULL,
  `id_usuario` int(11) NOT NULL,
  PRIMARY KEY (`id_proveedor`),
  KEY `fk_proveedor_usuario_idx` (`id_usuario`),
  CONSTRAINT `fk_proveedor_usuario` FOREIGN KEY (`id_usuario`) REFERENCES `usuarios` (`id_usuario`) ON DELETE NO ACTION ON UPDATE NO ACTION
) ENGINE=InnoDB AUTO_INCREMENT=5 DEFAULT CHARSET=latin1;
/*!40101 SET character_set_client = @saved_cs_client */;

--
-- Dumping data for table `proveedor`
--

LOCK TABLES `proveedor` WRITE;
/*!40000 ALTER TABLE `proveedor` DISABLE KEYS */;
INSERT INTO `proveedor` VALUES (3,'14789','luis lopez','12399888','luis@gmail.com','california','2018-01-29','1',1),(4,'45965','roberto perez','48859','roberto@gmail.com','texas','2018-02-13','1',1);
/*!40000 ALTER TABLE `proveedor` ENABLE KEYS */;
UNLOCK TABLES;

--
-- Table structure for table `usuario_permiso`
--

DROP TABLE IF EXISTS `usuario_permiso`;
/*!40101 SET @saved_cs_client     = @@character_set_client */;
/*!40101 SET character_set_client = utf8 */;
CREATE TABLE `usuario_permiso` (
  `id_usuario_permiso` int(11) NOT NULL AUTO_INCREMENT,
  `id_usuario` int(11) NOT NULL,
  `id_permiso` int(11) NOT NULL,
  PRIMARY KEY (`id_usuario_permiso`),
  KEY `fk_usuario_permiso_usuario_idx` (`id_usuario`),
  KEY `fk_usuario_permiso_permiso_idx` (`id_permiso`),
  CONSTRAINT `fk_usuario_permiso_permiso` FOREIGN KEY (`id_permiso`) REFERENCES `permisos` (`id_permiso`) ON DELETE NO ACTION ON UPDATE NO ACTION,
  CONSTRAINT `fk_usuario_permiso_usuario` FOREIGN KEY (`id_usuario`) REFERENCES `usuarios` (`id_usuario`) ON DELETE NO ACTION ON UPDATE NO ACTION
) ENGINE=InnoDB AUTO_INCREMENT=180 DEFAULT CHARSET=latin1;
/*!40101 SET character_set_client = @saved_cs_client */;

--
-- Dumping data for table `usuario_permiso`
--

LOCK TABLES `usuario_permiso` WRITE;
/*!40000 ALTER TABLE `usuario_permiso` DISABLE KEYS */;
INSERT INTO `usuario_permiso` VALUES (32,2,1),(33,2,2),(110,3,1),(111,3,2),(112,3,3),(113,3,4),(114,3,5),(115,3,6),(116,3,7),(117,3,8),(118,3,9),(119,3,10),(140,1,1),(141,1,2),(142,1,3),(143,1,4),(144,1,5),(145,1,6),(146,1,7),(147,1,8),(148,1,9),(149,1,10),(160,4,1),(161,4,2),(162,4,3),(163,4,4),(164,4,5),(165,4,6),(166,4,7),(167,4,8),(168,4,9),(169,4,10),(170,5,1),(171,5,2),(172,5,3),(173,5,4),(174,5,5),(175,5,6),(176,5,7),(177,5,8),(178,5,9),(179,5,10);
/*!40000 ALTER TABLE `usuario_permiso` ENABLE KEYS */;
UNLOCK TABLES;

--
-- Table structure for table `usuarios`
--

DROP TABLE IF EXISTS `usuarios`;
/*!40101 SET @saved_cs_client     = @@character_set_client */;
/*!40101 SET character_set_client = utf8 */;
CREATE TABLE `usuarios` (
  `id_usuario` int(11) NOT NULL AUTO_INCREMENT,
  `nombres` varchar(100) NOT NULL,
  `apellidos` varchar(100) NOT NULL,
  `cedula` varchar(100) NOT NULL,
  `telefono` varchar(100) NOT NULL,
  `correo` varchar(100) NOT NULL,
  `direccion` varchar(100) NOT NULL,
  `cargo` enum('0','1') NOT NULL,
  `usuario` varchar(100) NOT NULL,
  `password` varchar(100) NOT NULL,
  `password2` varchar(100) NOT NULL,
  `fecha_ingreso` date NOT NULL,
  `estado` enum('0','1') NOT NULL,
  PRIMARY KEY (`id_usuario`)
) ENGINE=InnoDB AUTO_INCREMENT=6 DEFAULT CHARSET=latin1;
/*!40101 SET character_set_client = @saved_cs_client */;

--
-- Dumping data for table `usuarios`
--

LOCK TABLES `usuarios` WRITE;
/*!40000 ALTER TABLE `usuarios` DISABLE KEYS */;
INSERT INTO `usuarios` VALUES (4,'038109-4','Carlos Andres Choto','OP002','7888888','andres01@gmail.com','SS','1','andres ','12345','12345','2019-03-28','1'),(5,'454324','Oscar Antonio Gonzalez','V001','7912384','oscar@gmail.com','Caserio La Vuelta','0','oscar','12345','12345','2019-03-31','1');
/*!40000 ALTER TABLE `usuarios` ENABLE KEYS */;
UNLOCK TABLES;

--
-- Table structure for table `ventas`
--

DROP TABLE IF EXISTS `ventas`;
/*!40101 SET @saved_cs_client     = @@character_set_client */;
/*!40101 SET character_set_client = utf8 */;
CREATE TABLE `ventas` (
  `id_ventas` int(11) NOT NULL AUTO_INCREMENT,
  `fecha_venta` date NOT NULL,
  `numero_venta` varchar(100) NOT NULL,
  `cliente` varchar(100) NOT NULL,
  `cedula_cliente` varchar(100) NOT NULL,
  `vendedor` varchar(100) NOT NULL,
  `moneda` varchar(100) NOT NULL,
  `subtotal` varchar(100) NOT NULL,
  `total_iva` varchar(100) NOT NULL,
  `total` varchar(100) NOT NULL,
  `tipo_pago` varchar(100) NOT NULL,
  `estado` enum('0','1') NOT NULL,
  `id_usuario` int(11) NOT NULL,
  `id_cliente` int(11) NOT NULL,
  PRIMARY KEY (`id_ventas`),
  KEY `fk_ventas_usuario_idx` (`id_usuario`),
  KEY `fk_ventas_cliente_idx` (`id_cliente`),
  CONSTRAINT `fk_ventas_cliente` FOREIGN KEY (`id_cliente`) REFERENCES `clientes` (`id_cliente`) ON DELETE NO ACTION ON UPDATE NO ACTION,
  CONSTRAINT `fk_ventas_usuario` FOREIGN KEY (`id_usuario`) REFERENCES `usuarios` (`id_usuario`) ON DELETE NO ACTION ON UPDATE NO ACTION
) ENGINE=InnoDB AUTO_INCREMENT=5 DEFAULT CHARSET=latin1;
/*!40101 SET character_set_client = @saved_cs_client */;

--
-- Dumping data for table `ventas`
--

LOCK TABLES `ventas` WRITE;
/*!40000 ALTER TABLE `ventas` DISABLE KEYS */;
INSERT INTO `ventas` VALUES (2,'2018-02-07','F000001','Jorge','159966666','eyter','USD$','200','40','240','EFECTIVO','1',1,5),(3,'2018-02-07','F000002','Jorge','159966666','eyter','USD$','490','98','588','EFECTIVO','1',1,5),(4,'2018-09-15','F000003','Jorge','159966666','eyter','USD$','525','105','630','EFECTIVO','1',1,5);
/*!40000 ALTER TABLE `ventas` ENABLE KEYS */;
UNLOCK TABLES;
/*!40103 SET TIME_ZONE=@OLD_TIME_ZONE */;

/*!40101 SET SQL_MODE=@OLD_SQL_MODE */;
/*!40014 SET FOREIGN_KEY_CHECKS=@OLD_FOREIGN_KEY_CHECKS */;
/*!40014 SET UNIQUE_CHECKS=@OLD_UNIQUE_CHECKS */;
/*!40101 SET CHARACTER_SET_CLIENT=@OLD_CHARACTER_SET_CLIENT */;
/*!40101 SET CHARACTER_SET_RESULTS=@OLD_CHARACTER_SET_RESULTS */;
/*!40101 SET COLLATION_CONNECTION=@OLD_COLLATION_CONNECTION */;
/*!40111 SET SQL_NOTES=@OLD_SQL_NOTES */;

-- Dump completed on 2019-04-01 11:25:46
